{"name":"6d06f0ea-7c0b-49c3-8891-d38528b6beb4","id":"/providers/Microsoft.Flow/flows/6d06f0ea-7c0b-49c3-8891-d38528b6beb4","type":"Microsoft.Flow/flows","properties":{"apiId":"/providers/Microsoft.PowerApps/apis/shared_logicflows","displayName":"Toot my Tweets","definition":{"metadata":{"workflowEntityId":null,"processAdvisorMetadata":null,"flowclientsuspensionreason":"None","flowclientsuspensiontime":null,"flowclientsuspensionreasondetails":null,"creator":{"id":"297701da-ff91-4e24-a99e-a1ffcdc53fe4","type":"User","tenantId":"2ab88a53-2c26-4f68-98f3-fd251f0459f3"},"provisioningMethod":"FromDefinition","failureAlertSubscription":true,"clientLastModifiedTime":"2022-11-07T15:49:34.6018422Z"},"$schema":"https://schema.management.azure.com/providers/Microsoft.Logic/schemas/2016-06-01/workflowdefinition.json#","contentVersion":"1.0.0.0","parameters":{"$connections":{"defaultValue":{},"type":"Object"},"$authentication":{"defaultValue":{},"type":"SecureObject"}},"triggers":{"When_a_new_tweet_is_posted":{"recurrence":{"frequency":"Minute","interval":5},"splitOn":"@triggerOutputs()?['body/value']","metadata":{"operationMetadataId":"58b3ad70-c346-4aaa-8b6a-a976335e5a0c"},"type":"OpenApiConnection","inputs":{"host":{"apiId":"/providers/Microsoft.PowerApps/apis/shared_twitter","connectionName":"shared_twitter","operationId":"OnNewTweet"},"parameters":{"searchQuery":"from:@<your Twitter handle>"},"authentication":"@parameters('$authentication')"}}},"actions":{"Condition":{"actions":{"HTTP":{"runAfter":{},"metadata":{"operationMetadataId":"8ed49543-f889-405c-a247-63e97b3145e6"},"type":"Http","inputs":{"method":"POST","uri":"https://mastodon.social/api/v1/statuses","headers":{"Content-Type":"application/json","Authorization":"Bearer <Your Token>"},"body":{"status":"@{replace(triggerOutputs()?['body/TweetText'],'''','\\''')}"}}}},"runAfter":{},"expression":{"equals":["@triggerOutputs()?['body/TweetInReplyToUserId']",""]},"metadata":{"operationMetadataId":"ebd39a58-53bb-4ce6-8288-f8bea531eb97"},"type":"If"}}},"connectionReferences":{"shared_twitter":{"connectionName":"shared-twitter-5110ebd2-d3bf-48db-aed2-5c020cf0df9e","source":"Embedded","id":"/providers/Microsoft.PowerApps/apis/shared_twitter","tier":"NotSpecified"}},"flowFailureAlertSubscribed":false,"isManaged":false}}