{"name":"e457c213-0f7a-43e9-b167-68293a0dff99","id":"/providers/Microsoft.Flow/flows/e457c213-0f7a-43e9-b167-68293a0dff99","type":"Microsoft.Flow/flows","properties":{"apiId":"/providers/Microsoft.PowerApps/apis/shared_logicflows","displayName":"Corona Vaccinatie Afspraak","definition":{"metadata":{"workflowEntityId":null,"processAdvisorMetadata":null,"flowclientsuspensionreason":"None","flowclientsuspensiontime":null,"creator":{"id":"297701da-ff91-4e24-a99e-a1ffcdc53fe4","type":"User","tenantId":"2ab88a53-2c26-4f68-98f3-fd251f0459f3"},"provisioningMethod":"FromDefinition","failureAlertSubscription":true,"clientLastModifiedTime":"2021-06-06T06:22:04.4141542Z"},"$schema":"https://schema.management.azure.com/providers/Microsoft.Logic/schemas/2016-06-01/workflowdefinition.json#","contentVersion":"1.0.0.0","parameters":{"$connections":{"defaultValue":{},"type":"Object"},"$authentication":{"defaultValue":{},"type":"SecureObject"}},"triggers":{"Recurrence":{"recurrence":{"frequency":"Day","interval":1,"startTime":"2021-06-06T08:00:00.000Z"},"type":"Recurrence"}},"actions":{"Get_my_profile_(V2)":{"runAfter":{},"type":"OpenApiConnection","inputs":{"host":{"apiId":"/providers/Microsoft.PowerApps/apis/shared_office365users","connectionName":"shared_office365users","operationId":"MyProfile_V2"},"parameters":{"$select":"Mail,Birthday"},"authentication":"@parameters('$authentication')"}},"Initialize_variable":{"runAfter":{"Get_my_profile_(V2)":["Succeeded"]},"type":"InitializeVariable","inputs":{"variables":[{"name":"myBirthYear","type":"string","value":"@{formatDateTime(outputs('Get_my_profile_(V2)')?['body/birthday'],'yyyy')}"}]}},"HTTP":{"runAfter":{"Initialize_variable":["Succeeded"]},"type":"Http","inputs":{"method":"GET","uri":"https://user-api.coronatest.nl/vaccinatie/programma/bepaalbaar/@{variables('myBirthYear')}/NEE/NEE"}},"Parse_JSON":{"runAfter":{"HTTP":["Succeeded"]},"type":"ParseJson","inputs":{"content":"@body('HTTP')","schema":{"type":"object","properties":{"success":{"type":"boolean"}}}}},"Condition":{"actions":{"Send_an_email_notification_(V3)":{"runAfter":{},"type":"OpenApiConnection","inputs":{"host":{"apiId":"/providers/Microsoft.PowerApps/apis/shared_sendmail","connectionName":"shared_sendmail","operationId":"SendEmailV3"},"parameters":{"request/to":"@{outputs('Get_my_profile_(V2)')?['body/mail']};","request/subject":"Geboortjaar @{variables('myBirthYear')} kan een vaccinatieafspraak maken!","request/text":"<p>Je kunt nu een afspraak maken voor je corona vaccinatie, via https://coronatest.nl.</p>"},"authentication":"@parameters('$authentication')"}}},"runAfter":{"Parse_JSON":["Succeeded"]},"expression":{"equals":["@body('Parse_JSON')?['success']",true]},"type":"If"}}},"connectionReferences":{"shared_office365users":{"connectionName":"shared-office365user-dc21b112-4620-4f20-9403-9762-b016bf65","source":"Embedded","id":"/providers/Microsoft.PowerApps/apis/shared_office365users","tier":"NotSpecified"},"shared_sendmail":{"connectionName":"shared-sendmail-3db1189e-5e2d-4872-86e7-142443e2c73a","source":"Embedded","id":"/providers/Microsoft.PowerApps/apis/shared_sendmail","tier":"NotSpecified"}},"flowFailureAlertSubscribed":false}}