{"name":"6d06f0ea-7c0b-49c3-8891-d38528b6beb4","id":"/providers/Microsoft.Flow/flows/6d06f0ea-7c0b-49c3-8891-d38528b6beb4","type":"Microsoft.Flow/flows","properties":{"apiId":"/providers/Microsoft.PowerApps/apis/shared_logicflows","displayName":"Toot my Tweets","definition":{"metadata":{"workflowEntityId":null,"processAdvisorMetadata":null,"flowclientsuspensionreason":"None","flowclientsuspensiontime":null,"flowclientsuspensionreasondetails":null,"creator":{"id":"297701da-ff91-4e24-a99e-a1ffcdc53fe4","type":"User","tenantId":"2ab88a53-2c26-4f68-98f3-fd251f0459f3"},"provisioningMethod":"FromDefinition","failureAlertSubscription":true,"clientLastModifiedTime":"2022-11-11T09:12:29.501844Z"},"$schema":"https://schema.management.azure.com/providers/Microsoft.Logic/schemas/2016-06-01/workflowdefinition.json#","contentVersion":"1.0.0.0","parameters":{"$connections":{"defaultValue":{},"type":"Object"},"$authentication":{"defaultValue":{},"type":"SecureObject"}},"triggers":{"When_a_new_tweet_is_posted":{"recurrence":{"frequency":"Minute","interval":5},"splitOn":"@triggerOutputs()?['body/value']","metadata":{"operationMetadataId":"58b3ad70-c346-4aaa-8b6a-a976335e5a0c"},"type":"OpenApiConnection","inputs":{"host":{"apiId":"/providers/Microsoft.PowerApps/apis/shared_twitter","connectionName":"shared_twitter","operationId":"OnNewTweet"},"parameters":{"searchQuery":"from:<Twitter Handle>"},"authentication":"@parameters('$authentication')"}}},"actions":{"Initialize_variable":{"runAfter":{"Condition":["Succeeded"]},"metadata":{"operationMetadataId":"27760717-c9ef-44ab-8733-df42f7a7d388"},"type":"InitializeVariable","inputs":{"variables":[{"name":"strMessage","type":"string","value":"\"\""}]}},"Initialize_variable_2":{"runAfter":{"Initialize_variable":["Succeeded"]},"metadata":{"operationMetadataId":"a6702dad-7d8b-4fff-886a-d7aace171967"},"type":"InitializeVariable","inputs":{"variables":[{"name":"strElements","type":"array","value":"@split(replace(triggerOutputs()?['body/TweetText'],'\\n',' \\n '),' ')"}]}},"Apply_to_each":{"foreach":"@variables('strElements')","actions":{"Condition_2":{"actions":{"Set_variable":{"runAfter":{},"metadata":{"operationMetadataId":"bd8dd2fd-7f4e-416b-9402-e98330cc725f"},"type":"SetVariable","inputs":{"name":"strRealURL","value":"@{items('Apply_to_each')}"}},"Do_until":{"actions":{"HTTP_2":{"runAfter":{},"metadata":{"operationMetadataId":"fb73d109-53aa-44f1-82ca-c50be7b7b663"},"type":"Http","inputs":{"method":"HEAD","uri":"@variables('strRealURL')"}},"Condition_3":{"actions":{"Set_variable_2":{"runAfter":{},"metadata":{"operationMetadataId":"c8948858-e3ca-41f1-a1b5-8d08861a8a0d"},"type":"SetVariable","inputs":{"name":"strRealURL","value":"@{outputs('HTTP_2')['headers']?['location']}"}},"Set_variable_3":{"runAfter":{"Set_variable_2":["Succeeded"]},"metadata":{"operationMetadataId":"57e1ff30-865d-457d-9a4d-946fc884db51"},"type":"SetVariable","inputs":{"name":"boolFinishedRedirecting","value":"@true"}}},"runAfter":{"HTTP_2":["Succeeded","Failed"]},"expression":{"or":[{"equals":["@outputs('HTTP_2')['statusCode']",301]},{"equals":["@outputs('HTTP_2')['statusCode']",302]}]},"metadata":{"operationMetadataId":"61219e85-8474-491d-a44b-a2931a63cd2c"},"type":"If"}},"runAfter":{"Set_variable":["Succeeded"]},"expression":"@equals(variables('boolFinishedRedirecting'), true)","limit":{"count":60,"timeout":"PT1H"},"metadata":{"operationMetadataId":"ebc9379f-c7ce-4006-9eaa-9583a7fb7f8d"},"type":"Until"},"Append_to_string_variable_2":{"runAfter":{"Do_until":["Succeeded"]},"metadata":{"operationMetadataId":"50730c86-cbce-4206-92ba-8b360e883e45"},"type":"AppendToStringVariable","inputs":{"name":"strMessage","value":"@variables('strRealURL')"}},"Append_to_array_variable_2":{"runAfter":{"Append_to_string_variable_2":["Succeeded"]},"metadata":{"operationMetadataId":"1206c8c4-50b3-470c-a689-80e668d19400"},"type":"AppendToArrayVariable","inputs":{"name":"strNewElements","value":"@variables('strRealURL')"}}},"runAfter":{},"else":{"actions":{"Append_to_array_variable":{"runAfter":{},"metadata":{"operationMetadataId":"3995dce4-1b5d-400e-b9a7-c049455d02a5"},"type":"AppendToArrayVariable","inputs":{"name":"strNewElements","value":"@items('Apply_to_each')"}}}},"expression":{"startsWith":["@items('Apply_to_each')","https://t.co/"]},"metadata":{"operationMetadataId":"42b6193b-61bf-4c33-8c11-ea9f08709cf8"},"type":"If"}},"runAfter":{"Initialize_variable_5":["Succeeded"]},"metadata":{"operationMetadataId":"1cf63ff4-c2fb-49f6-bb37-bf2aefb12fb9"},"type":"Foreach"},"Initialize_variable_3":{"runAfter":{"Initialize_variable_2":["Succeeded"]},"metadata":{"operationMetadataId":"05fc0c0f-ae13-485a-8b8b-a308c8be2974"},"type":"InitializeVariable","inputs":{"variables":[{"name":"strRealURL","type":"string","value":"''"}]}},"Initialize_variable_4":{"runAfter":{"Initialize_variable_3":["Succeeded"]},"metadata":{"operationMetadataId":"af16ebe1-d7a3-495c-9730-a2450ad1ecf9"},"type":"InitializeVariable","inputs":{"variables":[{"name":"boolFinishedRedirecting","type":"boolean","value":"@true"}]}},"HTTP":{"runAfter":{"Set_variable_4":["Succeeded"]},"metadata":{"operationMetadataId":"82b1a2b0-d8af-4b85-852e-944e3749ef65"},"type":"Http","inputs":{"method":"POST","uri":"https://mastodon.cloud/api/v1/statuses","headers":{"Content-Type":"application/json","Authorization":"Bearer <Mastodon Access Token>"},"body":{"status":"@{variables('strMessage')}"}}},"Set_variable_4":{"runAfter":{"Apply_to_each":["Succeeded"]},"metadata":{"operationMetadataId":"6806d19d-776b-464a-b254-e59f97a88adb"},"type":"SetVariable","inputs":{"name":"strMessage","value":"@{replace(replace(join(variables('strNewElements'),' '),'\"','\\\"'),' \\n ','\\n')}"}},"Initialize_variable_5":{"runAfter":{"Initialize_variable_4":["Succeeded"]},"metadata":{"operationMetadataId":"e8796442-fa31-46ca-9c08-fb8bfb7e7ac4"},"type":"InitializeVariable","inputs":{"variables":[{"name":"strNewElements","type":"array"}]}},"Condition":{"actions":{},"runAfter":{},"else":{"actions":{"Terminate":{"runAfter":{},"metadata":{"operationMetadataId":"5dd2e76f-02d8-44dd-9870-ee4e7c4fe79e"},"type":"Terminate","inputs":{"runStatus":"Succeeded"}}}},"expression":{"equals":["@triggerOutputs()?['body/TweetInReplyToUserId']",""]},"metadata":{"operationMetadataId":"a53e12b1-571b-407d-aa8f-fe3d13f38df6"},"type":"If"}}},"connectionReferences":{"shared_twitter":{"connectionName":"shared-twitter-5110ebd2-d3bf-48db-aed2-5c020cf0df9e","source":"Embedded","id":"/providers/Microsoft.PowerApps/apis/shared_twitter","tier":"NotSpecified"}},"flowFailureAlertSubscribed":false,"isManaged":false}}