{"name":"8f18b16d-820f-460f-8c3f-082600014b2e","id":"/providers/Microsoft.Flow/flows/8f18b16d-820f-460f-8c3f-082600014b2e","type":"Microsoft.Flow/flows","properties":{"apiId":"/providers/Microsoft.PowerApps/apis/shared_logicflows","displayName":"Automatic Scheduled Online Meeting Limiter","definition":{"metadata":{"workflowEntityId":null,"processAdvisorMetadata":null,"flowclientsuspensionreason":"None","flowclientsuspensiontime":null,"creator":{"id":"297701da-ff91-4e24-a99e-a1ffcdc53fe4","type":"User","tenantId":"2ab88a53-2c26-4f68-98f3-fd251f0459f3"},"provisioningMethod":"FromDefinition","failureAlertSubscription":true,"clientLastModifiedTime":"2022-07-04T07:33:48.7491525Z"},"$schema":"https://schema.management.azure.com/providers/Microsoft.Logic/schemas/2016-06-01/workflowdefinition.json#","contentVersion":"1.0.0.0","parameters":{"$connections":{"defaultValue":{},"type":"Object"},"$authentication":{"defaultValue":{},"type":"SecureObject"}},"triggers":{"When_a_new_event_is_created_(V3)":{"recurrence":{"frequency":"Minute","interval":5},"splitOn":"@triggerOutputs()?['body/value']","metadata":{"operationMetadataId":"c5f43d32-7fbc-4976-b58e-59011a066804"},"type":"OpenApiConnection","inputs":{"host":{"apiId":"/providers/Microsoft.PowerApps/apis/shared_office365","connectionName":"shared_office365","operationId":"CalendarGetOnNewItemsV3"},"parameters":{"table":"AAMkAGYwYzRlODI0LWQ4OTUtNDZhOS04NzU2LWIxNzA5ZGFkMmNiMgBGAAAAAABcDlVPASXwR6R5wbEzglMZBwAmwnclRSQZT7e4KIcENKHfAAAAHBmYAAAmwnclRSQZT7e4KIcENKHfAAAAHG6MAAA="},"authentication":"@parameters('$authentication')"}}},"actions":{"Condition":{"actions":{"Condition_2":{"actions":{"Respond_to_an_event_invite_(V2)":{"runAfter":{},"metadata":{"operationMetadataId":"dd3ee877-7b25-46b8-ae88-373f873a4d36"},"type":"OpenApiConnection","inputs":{"host":{"apiId":"/providers/Microsoft.PowerApps/apis/shared_office365","connectionName":"shared_office365","operationId":"RespondToEvent_V2"},"parameters":{"event_id":"@triggerOutputs()?['body/id']","response":"decline","body/Comment":"Dear @{triggerOutputs()?['body/organizer']}, \nI have reached the maximum number of scheduled online events for  @{formatDateTime(triggerOutputs()?['body/start'],'D')}.  \nPlease pick a different date.\n","body/SendResponse":true},"authentication":"@parameters('$authentication')"}}},"runAfter":{"Get_calendar_view_of_events_(V3)":["Succeeded"]},"expression":{"greaterOrEquals":["@length(outputs('Get_calendar_view_of_events_(v3)')?['body/value'])","@variables('nMaxEventsDay')"]},"metadata":{"operationMetadataId":"a5e2045f-797f-4305-ad5d-5e4936f16673"},"type":"If"},"Get_calendar_view_of_events_(V3)":{"runAfter":{},"metadata":{"operationMetadataId":"2d6b1609-f872-42d5-806b-23625ae9af04"},"type":"OpenApiConnection","inputs":{"host":{"apiId":"/providers/Microsoft.PowerApps/apis/shared_office365","connectionName":"shared_office365","operationId":"GetEventsCalendarViewV3"},"parameters":{"calendarId":"AAMkAGYwYzRlODI0LWQ4OTUtNDZhOS04NzU2LWIxNzA5ZGFkMmNiMgBGAAAAAABcDlVPASXwR6R5wbEzglMZBwAmwnclRSQZT7e4KIcENKHfAAAAHBmYAAAmwnclRSQZT7e4KIcENKHfAAAAHG6MAAA=","startDateTimeUtc":"@startOfDay(triggerOutputs()?['body/start'])","endDateTimeUtc":"@addDays(startOfDay(triggerOutputs()?['body/start']),1)"},"authentication":"@parameters('$authentication')"}}},"runAfter":{"Initialize_variable_2":["Succeeded"]},"expression":{"and":[{"equals":["@triggerOutputs()?['body/recurrence']","none"]},{"equals":["@variables('bTeamsMeeting')",true]},{"equals":["@triggerOutputs()?['body/isAllDay']",false]}]},"metadata":{"operationMetadataId":"59d48074-2561-4f71-b8d7-21aba472a984"},"type":"If"},"Initialize_variable":{"runAfter":{},"metadata":{"operationMetadataId":"1c469908-5a65-4389-9859-229db2fe7ad4"},"type":"InitializeVariable","inputs":{"variables":[{"name":"nMaxEventsDay","type":"integer","value":10}]}},"Initialize_variable_2":{"runAfter":{"Initialize_variable":["Succeeded"]},"metadata":{"operationMetadataId":"eec95ce0-773e-460d-a69f-1a6eeb6777a9"},"type":"InitializeVariable","inputs":{"variables":[{"name":"bTeamsMeeting","type":"boolean","value":"@greaterOrEquals(indexOf(triggerBody()?['body'],'https://teams.microsoft.com/l/meetup-join/'),0)"}]}}}},"connectionReferences":{"shared_office365":{"connectionName":"shared-office365-5e84df9f-e7bf-4d40-a282-40959587e2f8","source":"Embedded","id":"/providers/Microsoft.PowerApps/apis/shared_office365","tier":"NotSpecified"}},"flowFailureAlertSubscribed":false,"isManaged":false}}